,n_estimators,learning_rate,max_depth,subsample,fitness
0,784,0.4042513313349062,4,0.958421040513294,0.8766430738119313
1,784,0.4442513313349062,4,0.958421040513294,0.884732052578362
2,774,0.4442513313349062,4,0.958421040513294,0.8872598584428716
3,197,0.18560313022950675,7,0.7608715726259474,0.8877654196157735
4,197,0.18560313022950675,7,0.8108715726259474,0.8918099089989889
5,207,0.18560313022950675,7,0.8108715726259474,0.8923154701718908
6,841,0.30080762120619764,9,0.9488236673933305,0.8928210313447927
7,717,0.16557803364360396,10,0.8539583061152217,0.8933265925176946
8,697,0.16557803364360396,10,0.8539583061152217,0.8938321536905965
