,n_estimators,learning_rate,max_depth,subsample,fitness
0,597,0.2063866857581752,9,0.9745266760364081,0.8948432760364005
1,597,0.1663866857581752,9,0.9745266760364081,0.8993933265925177
