,time,acc_energy
0,5272.777627706528,359.0
1,4649.801955461502,314.0
2,5678.024679899216,387.0
3,5695.544952630997,388.6
4,5381.6676189899445,423.0
