,time,acc_energy
0,48168.62802839279,2951.303
1,46733.55082201958,2905.0
2,38394.95768809319,2377.585
3,39222.451236248016,2538.0
4,47366.4006023407,3069.0
