,n_estimators,learning_rate,max_depth,subsample,fitness
0,325,0.030272144602045976,10,0.6422873601271551,0.8948432760364005
1,335,0.030272144602045976,10,0.6422873601271551,0.8953488372093024
