,average,std,max,min
accuracy,0.8816738305941846,0.0012600773137808386,0.8831858407079646,0.8788874841972187
auc,0.8817210316057903,0.001260096225016371,0.8832347181398936,0.8789288594819161
kappa,0.7633690640834919,0.0025199340683879803,0.7663935903825054,0.7577940605467224
npv,0.8986597563884524,0.0016705294125750952,0.90084388185654,0.8936616029334731
precision,0.8659910622987814,0.0014933496057421096,0.8690766976062531,0.8621190130624092
recall,0.9024632539280283,0.00177995227720623,0.9047136340598074,0.8971109984794728
specificity,0.860978809283552,0.0017661430836200048,0.8647830474268415,0.8562058526740666
precision_recall,0.7815255372880654,0.0022061277791625778,0.7843194933447092,0.7760930925262302
