,average,std,max,min
accuracy,0.8822958280657396,0.0035626894469497953,0.8884955752212389,0.8723135271807838
auc,0.8823120425440725,0.003562616474769109,0.8885070807055695,0.8723341548850961
kappa,0.7645983592153042,0.007125117482477003,0.776995384700558,0.7446366047609703
npv,0.8883055832532046,0.004304087860163216,0.8959627329192547,0.8796915167095116
precision,0.8764619485582383,0.004204299340889401,0.8841524573721163,0.8651741293532338
recall,0.8894374049670553,0.004661071834043763,0.8981246832235175,0.8808920425747593
specificity,0.8751866801210898,0.0047053704777388185,0.8839556004036327,0.8632694248234107
precision_recall,0.7795635698737574,0.006274705340221988,0.7901745888699437,0.7625635128967428
