,average,std,max,min
accuracy,0.8818963337547409,0.0009127165445904431,0.8836915297092288,0.879393173198483
auc,0.8819439041592273,0.0009125504786271178,0.8837427112640219,0.8794368526060444
kappa,0.763814204756525,0.0018251842909862846,0.7674059440674772,0.7588064689551394
npv,0.8990247232765356,0.001189353960730075,0.9022198731501055,0.89501312335958
precision,0.8660903973796352,0.0011480336472765727,0.8680996580361504,0.8624031007751938
recall,0.9028484541307654,0.0012725350965934554,0.9062341611758744,0.8986315255955398
specificity,0.8610393541876893,0.0013717044325751463,0.863773965691221,0.856710393541877
precision_recall,0.7819485101859742,0.0015814722236272734,0.7854322250036178,0.7772066804297034
