,average,std,max,min
accuracy,0.8823565107458912,0.0034679730078434673,0.8882427307206068,0.8705436156763591
auc,0.8823728636287151,0.0034690402795529126,0.8882582625279825,0.8705463975577459
kappa,0.7647197705492096,0.006936273064807186,0.7764915056773722,0.741087678266253
npv,0.8884165682461128,0.004451810854635989,0.8962848297213623,0.8719635627530364
precision,0.8764718536450826,0.0037265564506885427,0.8825587206396801,0.868771583621115
recall,0.8895590471363404,0.004846610463248163,0.8981246832235175,0.8717688798783578
specificity,0.8751866801210899,0.004116476519924165,0.8814328960645812,0.8657921291624622
precision_recall,0.7796795818463264,0.006217690183094794,0.7899638624681576,0.757676843552691
