,adaboost,bagging,cnn,gradient_boosting,linear_svm,logreg,mlp,random_forest,xgboost
concat_hits_padding,0.779296875,0.8440697843393037,0.7771457499918321,0.8529718456725754,0.5390460235949861,0.503531786074672,0.5105182443421672,0.911980594093543,0.8880903490759755
concat_random_hits_padding,0.7701863354037267,0.8582731865947121,0.7320231209036423,0.9045401629802095,0.45501360081693587,0.5061963775023832,0.4989992604356357,0.9277391980519527,0.9081967213114753
sorted_hits_padding,0.765482233502538,0.8281763462852864,0.7489448078851572,0.8943661971830986,0.4482927406880579,0.5080645161290323,0.5316244192628286,0.9285204987144023,0.9164835164835164
