,adaboost,bagging,cnn,gradient_boosting,linear_svm,logreg,mlp,random_forest,xgboost
concat_hits_padding,0.771255060728745,0.8367408906882592,0.7734817813765182,0.8572874493927125,0.5463562753036438,0.5020242914979757,0.3765182186234818,0.9164979757085021,0.8896761133603238
concat_random_hits_padding,0.7753036437246965,0.8615384615384617,0.6780364372469635,0.917004048582996,0.46002024291497967,0.4757085020242915,0.309008097165992,0.9389676113360323,0.9149797570850204
sorted_hits_padding,0.7661943319838056,0.8300607287449392,0.7052631578947367,0.9089068825910932,0.48340080971659916,0.5060728744939272,0.48461538461538456,0.940587044534413,0.9230769230769231
