,adaboost,bagging,cnn,gradient_boosting,linear_svm,logreg,mlp,random_forest,xgboost
concat_hits_padding,0.6160339164311359,0.7328955462155335,0.5899381213651604,0.7125833853146492,0.2732347424810019,0.252283737166156,0.19158603780490693,0.7971351351413793,0.7789096649837896
concat_random_hits_padding,0.5868405050327247,0.7234525103610725,0.5332042606844654,0.7424536800859646,0.2322574441454927,0.24067060920496988,0.15773954377500332,0.7616443545553764,0.7781201320835919
sorted_hits_padding,0.5840977938688228,0.6798728307295392,0.5512861969269038,0.7248653468621684,0.24200497288289777,0.25662924670077436,0.2467450434086511,0.755485037986859,0.7882454624027658
