,adaboost,bagging,cnn,gradient_boosting,linear_svm,logreg,mlp,random_forest,xgboost
concat_hits_padding,0.7886578333946754,0.8591785261522104,0.7650742240215924,0.8417750378276694,0.5001983396720238,0.5030323477691898,0.5066429476955793,0.8897641393694025,0.8817067435488488
concat_random_hits_padding,0.7634093976199239,0.8486985236985237,0.7467454913507546,0.8509262667157405,0.5044040608514292,0.506036069193964,0.5063727354516827,0.8603928965771072,0.8771868482394798
sorted_hits_padding,0.7639052467999836,0.823515212857318,0.7538437001594896,0.8393019261440313,0.5007913139492086,0.507581891792418,0.508974358974359,0.8552935222672066,0.8827505827505828
