,adaboost,bagging,cnn,gradient_boosting,linear_svm,logreg,mlp,random_forest,xgboost
concat_hits_padding,64.93309817314147,80.30357825756073,245.1201885461807,310.7593964576721,175.3625070810318,8.198972940444946,232.20659072399138,106.41300983428955,196.39486002922058
concat_random_hits_padding,95.1482751607895,202.4539544582367,55.62981991767883,557.7399827003479,126.62640490531922,5.257572937011719,220.7443536043167,65.6372262954712,194.5138742208481
sorted_hits_padding,98.55746381282806,145.61847467422484,81.5553587436676,528.2238970041275,186.1315274477005,6.402990365028382,295.3196374177933,64.89748935699463,175.47250120639802
