,adaboost,bagging,cnn,gradient_boosting,linear_svm,logreg,mlp,random_forest,xgboost
concat_hits_padding,0.7987421383647799,0.8759227535636869,0.7662993910787549,0.8312070657507359,0.5342723454527384,0.502532928064843,0.5174751936736021,0.8697717538456988,0.8754980079681275
concat_random_hits_padding,0.7569169960474308,0.8397119433073087,0.7911956542446011,0.809651474530831,0.5427096551045016,0.5059203444564047,0.518292437420385,0.8111536022003347,0.8504233301975541
sorted_hits_padding,0.7623363544813697,0.8190550407187622,0.7879093819343134,0.797513321492007,0.5443474004879556,0.5070993914807304,0.5207464415374813,0.8032032943170464,0.8539325842696629
