,adaboost,bagging,cnn,gradient_boosting,linear_svm,logreg,mlp,random_forest,xgboost
concat_hits_padding,0.7886754297269969,0.8592012133468151,0.7650657229524772,0.8417593528816987,0.5001516683518706,0.5030333670374115,0.5067745197168857,0.8897371081900911,0.8816986855409505
concat_random_hits_padding,0.7633973710819009,0.848685540950455,0.746814964610718,0.8508594539939333,0.5044489383215369,0.506066734074823,0.506572295247725,0.8603134479271992,0.8771486349848331
sorted_hits_padding,0.7639029322548029,0.8235085945399394,0.7538928210313449,0.839231547017189,0.5008088978766432,0.5075834175935288,0.5089989888776542,0.8552072800808898,0.8827098078867543
