,adaboost,bagging,cnn,gradient_boosting,linear_svm,logreg,mlp,random_forest,xgboost
concat_hits_padding,0.806060606060606,0.8816161616161617,0.7566666666666667,0.8262626262626263,0.4540404040404041,0.5040404040404042,0.6367676767676768,0.863030303030303,0.8737373737373737
concat_random_hits_padding,0.7515151515151516,0.835858585858586,0.8154545454545454,0.7848484848484849,0.5487878787878788,0.5363636363636364,0.7037373737373737,0.7818181818181819,0.8393939393939395
sorted_hits_padding,0.7616161616161616,0.816969696969697,0.8024242424242424,0.7696969696969697,0.5181818181818183,0.509090909090909,0.5333333333333333,0.77,0.8424242424242424
