,adaboost,bagging,cnn,gradient_boosting,linear_svm,logreg,mlp,random_forest,xgboost
concat_hits_padding,0.5773357353034395,0.7183894608820518,0.5301408275880928,0.6835284122799037,0.00039731010813155444,0.006064701738745515,0.013287793722731655,0.7794859526119274,0.763400999452019
concat_random_hits_padding,0.5268058690744921,0.6973786128558943,0.4935403739860923,0.7017585466306704,0.008811286385973126,0.012072866620793543,0.01275203834501012,0.7206710878322018,0.7543158572677227
sorted_hits_padding,0.5278077955271565,0.6470215691297752,0.5077120579472516,0.6785081236238293,0.001587359118833076,0.015163814590877567,0.0179494581776657,0.7104642881297064,0.7654385606215498
